97159,WETH,OP,10000,0.03935861136963146322623884060005543592
97215,WETH,OP,10000,0.0976346326225832766675173179502447166933
97959,WETH,OP,10000,0.1762565920375255403156302255092280708182
98011,OP,USDC,10000,0.2343077918373243569476088164768809527721
98578,WETH,OP,10000,0.0230058440799238290129088676192736585431
98949,WETH,OP,3000,0.02111727735542236134378186325581269274
99801,WETH,sUSD,10000,0.00000086829028428407
103344,WETH,OP,3000,0.00066096141785679831
103742,WETH,OP,3000,0.142046192228955419121906169193274511896
104974,WETH,OP,3000,0.003072681061540607
105298,WETH,OP,3000,0.037423177479590049185276833187206096725
106907,OP,USDC,500,0.00002630798066001353
109772,USDC,DAI,500,0.00000007790058462708
112261,USDC,DAI,500,0.00000003204202558071
117047,WETH,OP,10000,0.165594563511681919054463919968212557952
117848,OP,USDC,10000,0.00396459638929544886
119008,WETH,DAI,3000,0.3546229123392135071157994685701707148395
119448,WETH,OP,3000,0.0000671847026762916282567298697371642129
119472,WETH,OP,3000,0.00133019549126510815
120452,WETH,OP,3000,0
120929,USDC,DAI,500,0.00000001584980975589
123132,WETH,OP,3000,0.00000007859396401733
123460,WETH,LYRA,10000,0
125159,USDC,DAI,500,0.00000821801990567369
125253,WETH,USDC,500,0
126010,WETH,sUSD,3000,0.00000016709442109884
127028,USDC,USDT,500,0.000000004844064539514044934417275313376
128577,OP,USDC,3000,0.00000010280248436776
130221,VELO,USDC,10000,0.0922864938098700129612913462096360493522
130696,OP,USDC,3000,0
132795,WETH,USDC,3000,0.0040988247896989058815078669990334507072
132934,USDC,sUSD,100,0.0000078442998856738
132942,WETH,OP,3000,0.00591330250699258098
132948,USDC,DAI,100,0.0000000005072418380771774999882491529376
133207,OP,USDC,3000,0.0100980522637678666364122982969523003558
133215,WETH,OP,3000,0.00078071946866009124
133254,WETH,OP,3000,0.00317500102680144951
133353,WETH,DAI,3000,0.1064887000154931874074264633012307232512
133615,WETH,USDC,500,0.000003424158461693647564254253518547904
133740,WETH,USDC,500,0
133749,WETH,OP,3000,0.00083517947578098403
134405,WETH,USDC,500,0.0000005843513740002777043977737543921574
134679,WETH,ENS,3000,0.0056692042945565916
134681,WETH,UNI,3000,0.00483202073503506201
134684,GTC,WETH,10000,0.00000143281088766597
134809,WETH,USDC,3000,0.000000009908731404072180987197677917744
134951,WETH,USDC,3000,0.0000026129337838739930632667086865621268
135057,USDC,USDT,100,0.00000046347758213033
135226,WETH,USDC,500,0
135755,USDC,DAI,100,0.00000000310211143921
137750,WETH,USDC,3000,0.0000008158327192547485345857406100114232
137954,WETH,USDC,500,0.0000008076014259677693766940154850216013
139057,WETH,USDC,500,0
139198,FRAX,USDC,500,0
139202,FRAX,USDC,500,0
139243,WETH,OP,3000,0
139446,WETH,SNX,3000,0.00000005981792050141
139730,WETH,USDC,500,0
141776,WETH,OP,3000,0
141834,USDC,DAI,500,0.00051718775926105318
141887,WETH,USDC,500,0.0000000526388488673805379066398079254714
141919,WETH,OP,3000,0.0000000002151461593817793980089810724006
142276,WETH,OP,3000,0.00000413728900413679
142280,OP,USDC,3000,0.0000004816281026118729637706969218059652
142645,WETH,SNX,3000,0
142971,WETH,OP,3000,0
143148,WETH,AAVE,10000,0.0000024407865816886721988082919798395329
143184,WETH,USDC,500,0
143357,LINK,WETH,3000,0
143527,WETH,sUSD,3000,0.0000000123197845372920149751083508512761
143686,WETH,USDC,3000,0
143785,WETH,OP,3000,0
143795,WETH,USDC,500,0
143887,WETH,USDC,500,0.0035415491141606954591292647863026635598
144256,WETH,OP,3000,0.0000136728308562323855605123637492228426
144328,WETH,SNX,3000,0
145631,USDC,DAI,100,0
145679,WETH,DAI,3000,0.0000137062744523183068198115602201073022
146413,WETH,USDC,3000,0.0007598657426753411445615027593774074236
146424,WETH,DAI,500,0.0000103287634605256525599808141818194672
146636,LINK,WETH,3000,0.00001536648772515237
146726,WETH,OP,3000,0
146863,WBTC,USDC,3000,0.00039523103652629190403612565281674824
146878,WETH,OP,3000,0.0046385077114030021
147407,WETH,SNX,3000,0
147463,POOL,WETH,10000,0
148658,WETH,USDC,500,0.001935611327909736215748718984336318257
149101,WETH,OP,3000,0.00000004568832646257
149511,WETH,SNX,3000,0
149931,WETH,OP,3000,0.00000003501065914616
149947,WETH,OP,3000,0.00000023918279072025
150469,WBTC,USDC,3000,0.0087887478902180168522187985490194808678
150980,WETH,USDC,3000,0.0000028240510982236497320335186880280966
151402,OP,USDC,3000,0.0000057584863709261
151934,WETH,SNX,3000,0.0049175516400560965042531374442740095582
154620,WETH,USDC,500,0.0000000004732943599309719067669575989016
155067,WETH,USDC,500,0
155149,WETH,USDC,500,0.277418082677173954787066783608182023169
155755,WBTC,USDC,3000,0.048343913140305975913175113401228793536
155872,WETH,USDC,500,0
156478,WETH,USDC,500,0
156536,WETH,USDC,500,0
156627,OP,USDC,3000,0.474320037900535628156965654120177893792
157921,WETH,USDC,500,0.00000000000831681812022033809309555483
158859,WBTC,USDC,3000,0.0011656743791506286140528238613016484982
159424,OP,USDC,3000,0
159670,OP,DAI,10000,0.1081794524635451430130557740094288614652
161142,WETH,OP,3000,0.1019981376761302840948274851637188721024
161355,WETH,OP,3000,0.00031400006484616326
161507,WETH,USDC,500,0.00000000000000873553677070778447833128
161962,WETH,USDC,500,0.0033989893556425520188242621535437476592
162434,WETH,USDC,500,0.0008714077881619833155156649532123518144
162448,OP,USDC,3000,0
162465,WETH,SNX,3000,0.3258212271939978340294652372737371358749
162977,WETH,USDC,500,0.0137932478296020339550799233485718689443
163747,WETH,OP,3000,0.0030004136510589045
163834,WETH,OP,3000,0
164697,WETH,WBTC,3000,0
165829,WETH,DAI,3000,0.000000188115620570544101932344058784202
166567,USDC,sUSD,100,0.000000000007353911624388193856758984973
166794,WETH,SNX,3000,0.0000000450883719343959423567511735702932
166825,WETH,USDC,500,0
166843,WETH,WBTC,3000,0.0503244623410160630228179646306133581357
167189,WETH,OP,3000,0
167221,WETH,OP,3000,0
167227,WETH,LYRA,10000,0.00140365226199313746
167647,WETH,OP,3000,0.278988410307504481518423003021444984564
167855,WETH,OP,3000,0
167862,WETH,OP,3000,0
168976,∞-wasUSD-NYT,∞-wasUSD-xPYT,10000,0
169600,WETH,sUSD,3000,0.00000003552139027824
169608,WETH,sUSD,3000,0.00000003552139027824
169619,WETH,sUSD,3000,0.00000003552139027824
169690,USDC,sUSD,500,0.00000332909344409664
169947,WETH,SNX,3000,0
170499,OP,USDC,3000,0.2471761773962501919319598102487462293694
170604,OP,USDC,3000,0.00452906418849266795
170686,WETH,OP,3000,0.263706744079275330291173235333188436624
170839,WETH,USDC,500,0.0436357613632176313551991469746869766984
170967,OP,USDC,3000,0.00002910348868665561
171410,WETH,USDC,500,0
171421,WETH,USDC,500,0
171475,WETH,USDC,500,0.0812278626314772914448197179207606221609
171740,WETH,USDC,500,0.00522443385295621948
173736,GTC,WETH,10000,0.00155877061577391651
173980,WETH,USDC,500,0.0000031807071002899080380934573518299091
174715,WETH,USDC,500,0.0000021061228958200933530592303379199112
174853,OP,USDC,3000,0.00775561074406208781247552074589028415
175996,WETH,USDC,500,0.053854466431252243159927476609003480432
176348,OP,USDC,3000,0
176414,WETH,USDC,3000,0.0000439126087751552405140584523258977657
176656,VELO,USDC,10000,0
176685,VELO,WETH,10000,0.00000210572338256479
177937,OP,USDC,3000,0.00003278365869248287
178109,WETH,WBTC,3000,0.936080486714341638474814455272388774192
178118,WETH,USDC,500,0.0056495787292896531296159225488529555037
178661,WETH,USDC,500,0
179628,WETH,WBTC,3000,0
179644,WETH,WBTC,3000,0
179663,WETH,USDC,500,0.00003994513773367609
180058,OP,USDC,3000,0.0001691732971268381032924360216410634658
180259,OP,BOB,500,1.6770735103298768884892344730251137183
180845,WETH,OP,3000,0.0324515975195370883572652186610349932736
180909,OP,USDC,3000,0.0002213530235234623
181079,WETH,OP,3000,0
181173,OP,USDC,3000,0.0000001999669587144263060246019956291336
181182,WETH,OP,500,0
181279,OP,USDC,3000,0.0090460761171101421131406217182109193655
181878,OP,USDC,3000,0.0409772208591306385090988235255865098306
181978,OP,USDC,3000,0
181997,OP,USDC,3000,0
182109,WETH,OP,3000,0.00002578534610113492
182207,WETH,WBTC,500,0.0000033109403745423048071860246871272128
183031,WETH,USDC,500,0
183042,WETH,USDC,500,0.00000000532816952436
183134,WETH,USDC,500,0.00000009977656291226
183986,OP,USDC,3000,0.0282632369570228343564141475978517727716
184087,THALES,WETH,3000,0
184254,OP,USDC,3000,0.01679853623622247899
185171,THALES,WETH,3000,0.0000000000000006942922633333322338094384
185437,WETH,SNX,3000,0
185498,WETH,OP,3000,0
185842,USDC,USDT,500,0.0000000048440645395136692358690733010432
185929,USDC,USDT,500,0.0000000048440645395135844632748797299488
186045,USDC,USDT,500,0.0000000066605536791912245033601422787444
188657,OP,USDC,3000,0.0000146109905598984073792504508659613744
190448,WETH,SNX,3000,0.2832048737661686812043199060058218892184
192183,USDC,USDT,500,0.00000039726794097739
195733,WETH,BOB,100,0.020744178805197797723103585215155156455
196771,WETH,USDC,500,0
199839,WETH,OP,3000,0
199855,WETH,OP,3000,0
200514,WETH,USDC,3000,0.026512662161659340551918186791654368752
200866,WETH,OP,3000,0
201057,WETH,L2DAO,10000,0
201120,USDC,DAI,100,0.0091715735572549380880462732281299356932
201701,OP,USDC,3000,0
201728,WETH,WBTC,500,0
201850,WETH,OP,3000,0.0000009735149051967091316604939479208684
202302,OP,USDC,3000,0.0091256767900075515392646933426776351118
203217,WETH,WBTC,500,0.0021492757780933149437856672249334330914
203360,WETH,SNX,3000,0.023155891489097368533989207065208257925
203443,WETH,USDC,500,0.0003795676498525744473452029403525633097
203599,OP,USDC,3000,0.0315505975334666818366639789615689850536
203723,SONNE,WETH,10000,0
204061,WETH,USDC,500,0.0424069505219665468461557804139028802025
204241,WETH,OP,3000,0.00661146852590000318
204272,WETH,USDC,500,0.0013872004393464077886700304103651848868
204560,WETH,USDC,500,0
204778,WETH,SNX,3000,0.00110031946582879958
205391,OP,USDC,3000,0.0000160685127687921478445967543561831444
206337,WETH,USDT,500,0.0027538820622543147762815524976341354288
206491,WETH,WBTC,3000,0.00789143299739105323
206764,WETH,USDC,500,0.0003372715808292740302687011195702085752
207060,WETH,USDC,500,0.3618092969552564420837937248735240181136
207064,WETH,USDC,500,0.11935633765911801062373612325468659755
207683,WETH,OP,3000,0.0058014304543692628
207724,WETH,OP,3000,0.00006714684614188995465175433093833041
209082,UNI,USDT,3000,0.0231970441851996137632180582865278965277
209950,OP,USDC,3000,0.010534990160997747384019074193880242752
210017,wstETH,WETH,10000,0
210044,WETH,OP,3000,0
210168,OP,USDC,3000,0.1357136083102109752164713610156088542464
210169,WETH,OP,3000,0.00447373130056463174
210654,WETH,WBTC,3000,0.1195090612318632176478717667451077535712
210697,WETH,AAVE,10000,0.0002029259575898814973812884998437893778
210813,OP,USDC,3000,0
210814,WETH,OP,3000,0.063821466607019560469673142199131769169
210818,WETH,SNX,3000,0.0015280987308441090036274134501114641304
210821,WETH,WBTC,3000,0.00016063110575516516
210844,WETH,OP,3000,0
210851,WETH,OP,3000,0.0000123464368297992542014074981140882048
210859,WETH,OP,3000,0.000009606905992172927731282332776896284
210865,WETH,USDC,500,0.0761189334192633205814194956376808348292
210867,WETH,OP,3000,0
210888,WETH,USDC,500,0.000043138854866673849451296872096221158
210922,WETH,OP,3000,0
210940,WETH,OP,3000,0.00029318167889437249
210955,OP,USDC,3000,0.011467926466200419544773734804908631424
210974,WETH,OP,3000,0.00881491727690083333
210982,OP,USDC,3000,0.0371946863298091542224983179052948760912
210995,WETH,OP,10000,0.0073434216198533726373809550536065792484
211003,WETH,SNX,3000,0.0001329799528586591348961096879034631547
211005,USDC,SNX,3000,0
211006,WETH,SNX,3000,0.1416999903099674322169895629919311760864
211063,WBTC,USDC,3000,1.6521379815577974326797828581846355486742
211088,WETH,USDC,500,0.00001024495918163116012599692684230981
211101,WETH,OP,3000,0.0498737784494041570827377642650216214762
211106,WETH,OP,3000,0.0654807972473736757090694050113618962634
211109,WETH,OP,3000,0.0001483561521561691125340354568003104539
211116,WETH,WBTC,3000,0.0212253553440958108750438941826136739532
211133,WETH,BAL,3000,0.0055568589797406269492483125487957519616
211142,USDC,sUSD,100,0.0032807945200417640164034620383343632372
211165,WETH,USDC,500,0.0002436453040440331406995998593420062761
211170,WETH,OP,3000,0.0185317462037078051618794023648575023135
211173,WETH,OP,3000,0.085873109257998700141566323128412100168
211183,OP,USDC,3000,0.0077601109702370721852198442717768049568
211273,WETH,USDT,500,0.000263932296945945303412704032713504063
211285,OP,USDC,3000,0.003643844292307000647262349749259861098
211290,WBTC,USDC,3000,0.0214101768830474695912169291107562875612
211293,WETH,USDC,500,0.0004451196832098280815608547970360702752
211328,WETH,USDC,500,0.0059050687280493468353423337379614678194
211337,WETH,USDC,500,0.0097193772974454538378904286878232991398
211402,OP,USDC,3000,0.0028935371323471799003435746053296219656
211409,OP,USDC,3000,0.0273136006525000271060594094655839020933
211439,WETH,OP,3000,0
211447,USDC,DAI,100,0.00017021339001347334
211449,WETH,AAVE,10000,0.2968464593962086357839973870420656150979
211453,WETH,OP,3000,0.008941762548384684595841032115074413504
211461,WETH,OP,3000,0.00127741226191492626
211464,WETH,OP,10000,0.0364028772961457084124172125100320194731
211483,WETH,USDC,500,0.0001106533789852459106926947774626974752
211489,WETH,OP,3000,0
211521,USDC,sUSD,500,0
211522,WETH,USDC,500,0.0023836229751814283553965857020042735808
211555,WETH,OP,3000,0.0217846003440772209341014674282527110104
211587,WETH,USDC,500,0.0063071332485463643958045843654992699883
211589,WETH,SNX,3000,0.0585851737075747093167157627992857099584
211613,WETH,OP,3000,0.0142010650227178211632179218465820555161
211635,WETH,USDC,500,0.0088376157595014315779784132886856646879
211641,WETH,USDC,500,0.000075719433688707980355058771883557662
211656,WETH,OP,3000,0.0177927696780554677403132646286276626074
211666,WETH,OP,3000,0.00366390764285585053
211678,WETH,OP,3000,0.000146429501592952344767248206157301024
211679,OP,USDC,3000,0
211680,WETH,USDC,500,0
211715,OP,USDC,3000,0.0005803086199159165739651572027051147688
211716,wstETH,WETH,3000,0.00000058020251157012099072956042449505
211729,WETH,USDC,500,0
211781,OP,USDC,3000,0.0079419561736230364172765336397427190784
211789,WETH,OP,3000,0.3346842708723008894232692962525271945067
211812,OP,USDC,3000,0.0064508736146131441782210476928350895158
211815,WETH,SNX,3000,0.0025856908429543718781462217020437158708
211816,WETH,WBTC,3000,12.1903967675341250594260492937832526847997
211826,SONNE,WETH,10000,0
211828,SONNE,WETH,10000,0
211830,WETH,WBTC,3000,0.0120951956216185162502078660585257400544
211933,WETH,WBTC,3000,0.0944045307685313039005151822165333431105
211950,WETH,USDC,500,0.5953959889831266007236738219085830512938
211974,WETH,OP,3000,0.058795204317203061050872445281406449358
212126,OP,USDC,3000,0.0642239060211135193749693081526845614822
212137,WETH,SNX,3000,0.0004203398917872191652709616052361582902
212160,WETH,USDC,500,0.0000093993286186235955102643219066393269
212184,WETH,USDC,500,0.000014225890617008185558817605606178205
212191,OP,USDC,3000,0.0192372784675489918802708849532300894384
212215,WETH,USDC,500,0.003368405907634691631465669343396553228
212246,wstETH,WETH,3000,0.0026830893130744117529136100400280199215
212286,WETH,SNX,3000,0.0001331105471784458388981315373935053988
212312,OP,USDC,3000,0.0011508498445274182573326720498136749398
212326,WETH,OP,3000,0.0038366025224592694263366866237327841105
212335,OP,USDC,3000,0.0002155276138035065439067753328968659819
212338,WETH,OP,3000,0.0439017110280027813527478038847539532319
212363,WETH,OP,3000,0.0403338436989122179660121090578442657751
212375,WETH,USDC,500,0.0000409973354171796035274954813530082482
212384,WETH,OP,3000,0.00581849422108848299
212394,WETH,WBTC,3000,0.0004337394747614621643819416702904333727
212396,WETH,OP,3000,0.0019153997855321683441181836739583435605
212399,USDC,XCHF,10000,2.0270640421912788853722657143616169267914
212400,WETH,OP,3000,0.0014618742419361863477109499802451137268
212433,WETH,LDO,3000,0.00307929589095353854
212451,WETH,OP,3000,0.007092554563642409417841015820523492196
212452,WETH,OP,3000,0.0067011769698887198697242384512173464068
212472,OP,USDC,3000,0.0008156846150296183926040857529881567591
212596,OP,USDC,3000,0.0028962395535999891396322353174852299436
212629,WETH,SNX,3000,0.067512299543583167537977488285377400066
212631,WETH,SNX,3000,0.0496759230078890889907995705135961099935
212704,WETH,OP,3000,0.0015395298216851764366282170180435130449
212706,WETH,OP,3000,0.026207407324276113471452622836266553285
212781,WETH,OP,3000,0.00587822256406119685
212811,WETH,USDC,3000,0.0001412274956573664078475611868142703831
213189,WETH,USDC,500,0.0012696407570608640525154599339062032868
213192,WETH,OP,10000,0.00086466172727492881
213221,USDC,sUSD,500,0.0001468546765210793229424532721166673055
213369,USDC,USDT,100,0.00000452582994058892
213391,USDC,USDT,100,0.00000916981938567309
214262,WETH,USDC,500,0.0063744442135521044828157964432085639733
214311,USDT,DAI,100,0.0054032723269558996131294937082031813756
214460,USDC,USDT,100,0.002001266165137998593696621490372868778
215368,OP,USDC,3000,0.0027374812386141235830159657874509016164
215437,WETH,OP,3000,0.1141548336360428823473413308665699168151
215812,WETH,USDC,500,0.00086041407097198031
215888,OP,USDC,3000,0.0003711289954781473903605725476991142894
215916,WETH,USDC,500,0.0262853528317353366509459459840163174441
216075,USDC,USDT,100,0.00073320203565829677
216330,OP,USDC,3000,0.093509692376418786553353216667560370432
216537,WETH,USDC,500,0.00035526312296529349
216562,OP,USDC,3000,0.7406354117172825287786139988421863572372
216689,WETH,USDC,500,0.029413523252903031543148141402420670264
216695,WETH,USDC,500,0.000494451927202482658023812174612230811
216822,USDC,USDT,500,0.00001606473358406387
216850,OP,USDC,10000,0.00126711534795244326
217221,OP,USDC,10000,0.02502602757195916926
217249,WETH,OP,3000,0.00630026849589923438
217262,WETH,DAI,3000,0.0014693376318622305
217611,OP,USDC,3000,0.0000254851632878132720549822829753946612
217658,WETH,USDC,500,0.0899641402825375808023641001898783953182
217670,USDC,USDT,100,0.0009976710703580773
217698,USDC,USDT,100,0.00110629151354793418
217748,WETH,USDC,500,0
217787,OP,USDC,3000,0.00247811785965368835
217899,WETH,SNX,3000,0.0878169862632221980941606767212832099926
217914,WETH,USDC,500,0.0433459306568556892176035166679428163534
217922,WETH,USDC,500,0.0007936830885630172894468931119729315242
217937,WETH,USDC,500,0.353808150824547979629468273956680275563
217941,WETH,USDC,500,0.0057109085934876509292615128218090878678
218057,WETH,USDC,500,0.0091548052320562802455538569561734981725
218077,WETH,USDC,500,0.061145439914667103642198530299082186936
218168,WETH,USDC,500,0.0000804342225095213612606529159412095739
218216,WETH,DAI,500,0.0026525278324851473021475733854059155317
218244,WETH,WBTC,3000,0
218331,OP,USDC,3000,0.005026458222027204553521433330669851633
218372,OP,USDC,3000,0.0029925900512847051696939115063227049048
218375,WETH,USDC,500,0.0010939033713702753220300101463584438932
218380,OP,USDC,3000,0.000836516451595361023392031633843040265
218598,WETH,USDC,500,0.0001723828074035189918596734559255348293
218659,WETH,USDC,500,0.2811355345220876844912329838570608070834
218675,WETH,SNX,3000,0.00382833516483970795
218767,OP,USDC,3000,0.00630873187617166820442702565540631832
218802,WETH,OP,3000,0.00488435574450230839
218810,WETH,USDC,500,0.0668154717072587273177566515771783608058
218811,WETH,USDC,3000,0.0769337963225584633544913875999406214074
218844,WETH,USDC,500,0.0034575020466583152031423014865725522504
218847,OP,USDC,3000,0.0202017576494953611806308763024335724363
218858,WETH,USDC,500,0.004643888917541052093362740003565396915
218889,OP,USDC,3000,0.0002472064256163072226752538692500872625
218905,OP,USDC,3000,0.220138706628153160507652461208057792938
218934,OP,USDC,3000,0.0001856276815841073354261641750197855362
218970,OP,USDC,3000,0.012880086105871633377526763356333102198
219001,WETH,OP,3000,0.0040980011964872400557542344156817516036
219009,WBTC,USDC,3000,0.0017305696441581487318499201574097458944
219025,WETH,OP,3000,0.0150231543697693815875785051189097323392
219026,OP,USDC,3000,0.0027615665821963075739633256397299626116
219084,WETH,USDC,500,0.0033686509722123239670723959029590581482
219085,USDC,sUSD,500,0.00074568902177133712342908130726608925
219092,USDC,sUSD,3000,0.005013928017096530352772086980203065435
219093,USDC,DAI,500,0.00039395527933111098
219094,OP,USDC,3000,0.0002702726765437474574639821116422758332
219095,OP,USDC,3000,0.003072520473038435634002804832458752494
219097,WETH,OP,3000,0.01740239826942233321
219108,OP,USDC,3000,0.0031590408297738723571431846599119206456
219128,WETH,USDC,500,0.9022736886768765798280013889799533576324
219133,WETH,USDC,500,0.0005450304665802855851268662388966321504
219136,WETH,OP,3000,0.01178344105409211376
219141,WETH,USDC,500,0.1410836547233439156402523467911859247824
219155,WETH,USDC,500,0.0001595201100272877281315173130988470844
219198,OP,USDC,3000,0.5784486742490939544675264606534640808313
219228,OP,USDC,3000,0.00322068596876878284495537257466628019
219233,USDC,DAI,100,0.00008501034064205631
219247,WETH,AAVE,10000,0.00177620467325238127
219255,OP,USDC,3000,0.0006135142692914856561768426380223985332
219270,OP,USDC,3000,0.00000113127221007651052669900451484408
219274,OP,USDC,3000,0.0524464525575404034082102701583709810034
219304,WETH,USDC,500,0.2551317592843132090759237519102602758445
219318,OP,USDC,3000,0.0047482891615019645027136197587616195709
219331,WETH,OP,3000,0.00001721719900657233186058499349440913
219333,OP,USDC,3000,0.006908311317338057850822741666074730266
219337,WETH,USDC,500,0.0672657644059145140284460876425879331244
219342,OP,USDC,3000,0.0086440171677075582636841009442021780288
219351,OP,USDC,3000,0.0008469163266185545697745316736796120324
219394,OP,USDC,3000,0.0009685718756846148357474195087919434915
219397,WETH,OP,3000,0.0235756770866265120833851837727737747392
219418,WETH,OP,500,0.0312841311676625842
219452,WETH,OP,3000,0.0002502848392247065323816407898162714315
219468,OP,USDC,3000,0.0021327373650128375097952560563504303672
219474,OP,USDC,3000,0.012822850835076999299496711201290662184
219498,WETH,OP,3000,0.001161459370309853221473456890497382742
219553,WETH,USDC,500,0.5763929868670049033449858404250399568456
219589,OP,USDC,3000,0.0004307994702258269724591639868068203862
219604,USDC,sUSD,100,0.000637284334486970118067186260422652024
219639,WETH,USDC,500,0.0039803511232600866060259292349439747958
219708,USDC,DAI,100,0.00005102092414053567
219725,WETH,OP,3000,1.920340041126709739677113614084043061032
219754,WETH,OP,3000,0.0042857335797511326929741155059889525228
219763,WETH,OP,3000,0.029669613590466223785237428525823640048
219765,OP,USDC,3000,0.1931139815780826880579883378847993161438
219817,WETH,USDC,500,0.013730242039264764341703759819292070208
219820,WETH,SNX,3000,0.0009006998229326983275376771565365527425
219839,OP,USDC,3000,0.0003984064115236444690020918522335321604
219937,USDC,USDT,100,0.00089661125850288397
220018,OP,USDC,3000,0.0027700158679954772191038456595433674236
220053,WETH,USDC,500,0.000157772188507189280753402183446154945
220067,USDC,sUSD,500,0
220091,OP,USDC,3000,0.0023676903810942389245228010365758614512
220100,OP,USDC,3000,0.0023036888823521268223806804549701249121
220114,WETH,USDC,500,0.0004818743802089606094896714560228398934
220147,OP,USDC,3000,0
220160,WETH,USDC,500,0.0003851519032106007108633803278652498436
220162,WETH,WBTC,3000,0.01927681127248943041
220186,WETH,OP,3000,0.0026468866776165839212714810381942531107
220218,WETH,OP,3000,0.0025444405633947579652268355735156011975
220230,USDC,MAI,100,0.0000079659265563607490340161652427157952
220231,OP,USDC,3000,0.000482487934214439014353336935792921773
220326,WETH,OP,3000,0.000436485288637721843260381375522956152
220350,WETH,WBTC,3000,0.01112787803369517549
220376,WBTC,USDC,3000,0.0018912594770855182582609049279060552576
220384,OP,USDC,3000,0.040749487348487456114143048930468549376
220398,OP,USDC,3000,0.132010741709039647298834488626017216233
220400,WETH,USDC,500,0
220404,OP,USDC,3000,0.0288345460569977793586217106972537197816
220412,OP,USDC,100,0.0000000195952617189791077123134816229999
220419,WETH,USDC,500,0.0773307845158231946960368890903721707819
220433,WETH,USDC,500,0.0000809386188806902881997559110589657704
220434,WETH,LDO,3000,0.0154911438212985031101056180191191835222
220454,WETH,USDC,500,0.00050876833619892681
220462,WETH,USDC,500,1.5567527219924275802498503317538055488957
220469,OP,USDC,500,0.0005731861931825812268914163032770131244
220475,WETH,USDC,3000,0.009628068814326013691758529530738846377
220513,WETH,AAVE,10000,0.0142120700370938949777573580678948245901
220552,WETH,SNX,3000,0.0004722782008926975879436679684693682411
220585,OP,USDC,3000,0.0009852104463749241424928848104755089146
220612,WETH,OP,3000,0.0035548507691916351
220630,WETH,WBTC,3000,0.0011407196458881388273832281056061755894
220652,USDC,sUSD,100,0.01115709775099313194167552037660833774
220673,WETH,OP,3000,0.01318904854601555695
220688,USDC,DAI,10000,0.00000000000058763968
220720,USDC,DAI,100,0.0225982921465115938603705665054811301084
220723,USDC,USDT,100,0.0037573064424041154669703660983275363312
220724,WETH,OP,3000,0.0003746612099349998024455205081834733125
220726,OP,USDC,3000,0
220730,OP,USDC,3000,0.0005964956503379731342805098873472273074
220736,WETH,WBTC,3000,0.01058284948300738428
220738,WETH,USDC,3000,0
220739,WETH,USDC,3000,0
220803,WETH,OP,3000,0.0062462249941112887297119228643966375461
220818,OP,USDC,3000,0.0063492372491366509
220819,OP,USDC,3000,0.002991549445459750936671784898586391932
220824,WETH,SNX,3000,0.0000114795293577610673745548747194193064
220833,LINK,OP,3000,0.0000372806479023248
220845,WETH,OP,3000,0.5923182985445817115466980281473805428646
220866,WETH,OP,3000,0.00291052357812656152
220874,WETH,USDC,500,0.000146093436233659504454607865963308194
220881,WETH,OP,3000,0.0010486442627487226610807870475056557157
220959,WETH,WBTC,3000,0.0015380998060660258930896319276762149619
220968,OP,USDC,3000,0.002317686307968203165223078557840916956
220972,OP,USDC,3000,0.0001504717999714088341982467564848904128
220975,WETH,USDC,500,0.0124196229578672229318487951685099379594
220987,WETH,OP,3000,0.0000025526722049680548942424777057404966
220988,OP,USDC,3000,0.1189696531315309010203917307496981339375
220989,WETH,OP,3000,0.00759395145060563313
220990,OP,USDC,3000,0.0000668117662411126852062312135344147818
221041,OP,USDC,3000,0.0000125123996444449760305185931672718976
221054,OP,USDC,3000,0.000322862061159960644974817400210982314
221062,WETH,USDC,500,0.000479015721223542702536191866372246763
221063,WETH,USDC,500,0.0059963529119126805049378047974200717968
221064,WBTC,USDC,3000,0.0077587370681277202217526468788788934527
221065,OP,USDC,3000,0.00037303561014032317
221098,OP,USDC,3000,0.0008455909337590523295109275394046057514
221099,USDC,USDT,500,0.0031658473484896650572650416318225636178
221101,OP,USDC,3000,0.0000106423656278043007474922031196952705
221106,OP,USDC,3000,0.000031766048201477868979720327354418016
221108,WETH,USDC,500,1.3231245061747227718870597135349460551651
221110,OP,USDC,3000,0.0002676993347565423667961349415313004727
221112,WETH,SNX,3000,0.003182268490443362283370174500603914075
221131,WETH,USDC,500,0.0000150391170513021789876304545187733275
221134,OP,USDC,3000,0.000002267088522244841977540896433153068
221136,sUSD,DAI,500,0.0000047517409022056199382247059365443755
221151,WETH,OP,3000,0.0000035156873778815628930121417028719804
221155,WETH,OP,3000,0.0000081092713016651006494075455324434196
221168,OP,USDC,3000,0.0000782267731873700890026418378816714998
221169,WETH,OP,3000,0.0001732063850142928506493060246148185868
221177,USDC,sUSD,100,0.0001132978559386888847247093689791426194
221217,OP,USDC,3000,0.0102561216553869950690120155100929225668
221229,WETH,USDC,3000,0.0000203533129733791350733815506228365379
221239,WETH,OP,3000,0.0117822483887913521207719621034398599475
221247,LINK,WETH,3000,0.011756764522492914662814135331132630806
221254,WETH,OP,3000,0.0000907144502078073449685014656695501898
221258,USDC,USDT,100,0.00011846347906089568
221259,WETH,USDC,500,0.000033568679877281254645360279197422988
221281,WETH,USDC,500,0.0005294045581323705432698102362899162488
221295,WETH,DAI,3000,0.2203299813266985483348714277475943396858
221373,WETH,OP,3000,0.0001003301588579012964465505730350127694
221404,WETH,USDC,500,0.0027191316155238268768308910146323322432
221405,WETH,USDC,500,0
221423,WETH,USDC,500,0.0000346648565556341598246153525956562795
221434,WETH,USDC,500,0.003254816946064969388233081336420238108
221444,WETH,USDC,500,0.0000042030989434353064987779892487646396
221485,WETH,USDC,500,0.0000004363651804190148762392951198497128
221496,WETH,USDC,500,0.00031450967008823639455571251823453568
221568,WETH,OP,3000,0.0545479430382671337105557658210553273109
221582,WETH,OP,3000,0.00034980625559789477
221617,WETH,OP,10000,0.00088224328273988225
221675,WETH,OP,10000,0.0646768847333944509204860872558978525908
221681,WETH,OP,3000,0
221727,WETH,USDC,500,0.0000153347513491652156673933505908976019
221733,WETH,OP,3000,0.0641209526585398094731976487231152798804
221741,OP,USDC,3000,0.0003786533655725702086113615242840676505
221745,OP,USDC,3000,0.00028801629221494169
221759,OP,USDC,3000,0.0002362992191926157262438728319770562582
221913,WETH,OP,3000,0.1136678970285894691260078622916806939482
221918,WETH,OP,3000,0.0003851424462370721306249661017274697126
221935,OP,USDC,3000,0.0073248414266656032
221939,USDC,USDT,500,0.0009489379125284386704026968902092502219
221947,WETH,USDC,500,0.0001326670230496075243719467559684855289
222006,WETH,USDC,500,0.0000170152817446674684125607170170748148
222018,OP,USDC,3000,0.03090767877872176879
222026,WETH,DAI,500,0.0077457778953660353773165587415958853408
222039,WETH,OP,3000,0.086588804812378601157764778643686090736
222041,WETH,USDC,500,0.0072180210103240613944472339820577280991
222046,WETH,USDC,500,0.0015115893183641044743420732419849524484
222094,WETH,SNX,3000,0.000830867765975298000550012181917846576
222126,WETH,USDC,500,0.000008729631441143788065850023223041806
222128,OP,USDC,3000,0.0000284276961644544959984590824872150056
222145,OP,USDC,3000,0.00001771396949029814527580669610015696
222185,LINK,WETH,3000,0.0160481295452250910903098911559696419341
222186,WETH,USDC,500,0.0000355934724652416551695369973835839196
222193,OP,USDC,3000,0.068574404222311918829241144838553723945
222200,WETH,USDC,500,0.00182014844791506868
222210,WETH,USDC,500,1.8259940847736229613227581924538513184524
222216,WETH,USDC,500,0.0027430870845335208246735819917759626606
222267,WETH,USDC,500,0.0076784801563750607986940607106072054005
222269,OP,USDC,3000,0.0127019484163900647601560066742875273598
222275,OP,USDC,3000,0.00038634261358065363512654773615929492
222285,WETH,USDC,500,0.1338782123336979795136764815040855233836
222289,UNIDX,USDC,10000,0.1466143161397291836637176269119835980344
222309,WETH,USDC,500,0.001154171844864565062644457481331630145
222315,WETH,USDC,500,0.5762583356812566675036710941615641010464
222318,OP,USDC,3000,0.0098955037897218263665054887886548360573
222319,WETH,USDC,500,0.5805712033782520771207101529761975600656
222320,WETH,USDC,500,0.5754551648616767311602815231718060280444
222321,WETH,USDC,500,0.5940051581231610844736565304857197980374
222323,WETH,USDC,500,0.57695879611687589747424237561301361928
222326,WETH,USDC,500,0.5610557656297337990076912279239617393404
222327,WETH,USDC,500,0.5486655616135904073833250552132638566998
222328,WETH,USDC,500,0.5517809047990338108912978276158617468325
222330,WETH,USDC,500,0.535802208028576973618949175837425311808
222333,WETH,USDC,500,0.540024510315803709822576830085129895523
222338,WETH,USDC,500,0.5293207497998720202081951046659072309204
222345,OP,USDC,3000,0.0810723855009170597223863586870185770596
222354,WETH,USDC,3000,0.0002934634659707388361803653644162486038
222355,WETH,USDC,500,0.0004430115841280755940959780941532172054
222358,WETH,USDC,3000,0.00356878595623201849
222359,OP,USDC,3000,0.0000006671624372134480817309062465590404
222366,WETH,USDC,500,0.0879756025231142083773645001720187313232
222385,OP,USDC,3000,0.0000000205330089053482652101173013414966
222392,WETH,USDC,3000,0.0000054539414494989621465136712577158144
222412,WETH,OP,3000,0.0139665114008634259351178815172327622153
222417,WETH,USDC,3000,0.00002006882011104237355939696787373018
222421,WETH,OP,3000,0.0001635903616638728193903724257988916312
222422,WETH,USDC,500,0.1694547480130879093933349573845247011908
222452,WETH,WBTC,3000,0.151483117183696428705427806876433007358
222456,WBTC,USDC,3000,0.2179659680367552064552991983076240124436
222458,WETH,USDC,3000,0
222462,WETH,USDC,3000,0.0000077655869483935379099891566194731786
222464,WETH,USDC,500,0.0038898689644621966001496003924094643096
222469,OP,USDC,3000,0.0001434501036909039305620827361936098483
222474,WETH,USDC,3000,0.0018259387434783312462875090945314343744
222485,WETH,USDC,3000,0.001832120814412032568739479019422260617
222493,WETH,OP,3000,0.0170187070833946481351779814096132326035
222500,WETH,USDC,3000,0.000029484791698677047130120649983869876
222527,WETH,rETH,3000,0.000344745364158923113429356548783054949
222585,WETH,USDC,3000,0.0858776133160227494768405846318383358044
222596,WETH,USDT,500,0.00196375587107784881
222612,WETH,USDC,500,0.016427034723878219590569040024789423407
222649,WETH,USDC,3000,0.083111811949394332818201181642909732861
222655,OP,USDC,3000,0.000011418529249183742517395124008022078
222657,WETH,OP,3000,0.0001542413072946935982740259825791448354
222662,WETH,sUSD,3000,0.00002244347991834787
222667,WETH,USDC,500,2.160107604409117608668886906955802298603
222675,WETH,OP,3000,0.0160032456404925441678574560880151595
222687,WETH,OP,3000,0.0047112496127651643026135230702410813332
222718,WETH,OP,3000,0.026763176854240419189712534025790428736
222749,WETH,USDC,500,0.0341595104370152466840377926356323907957
222758,WETH,USDC,500,0.1360133682818554676508967754124241738176
222760,WETH,WBTC,3000,0
222770,WETH,WBTC,3000,0.3129253508410956848858653471098521599136
222776,WETH,WBTC,3000,0.060141657263743564575251059810223248668
222789,OP,USDC,3000,0.0283071421828890751311946024409836846138
222809,WETH,WBTC,3000,0.0001417186904680732882688056978488190438
222813,OP,USDC,3000,0.01411407890698834829
222815,WETH,OP,3000,0.0078250708100981835335632750182208173072
222830,WETH,USDC,500,0.001660248144190821778190569538145660637
222836,WETH,USDC,500,0.0706007406130891959984203621446236155261
222838,WETH,USDC,500,0.0940449354938350392912804510471926496746
222839,WETH,USDC,500,0.207178999849280209419308305192358822798
222842,WETH,OP,3000,0.0670600875245847609573347166212698860204
222854,OP,USDC,3000,0.00834170194089397081
222860,WBTC,USDC,3000,0.029677401928076788280540694262682091636
222875,OP,USDC,3000,0.6092784809297302032757284643071327941376
222887,WETH,USDC,500,0.0004017091054242986434198070242254175864
222924,WETH,OP,3000,0.0006435872644366763347948687400544831662
222937,WETH,USDC,500,0.4304637948293399297609579948833560718995
222940,WETH,DAI,3000,0.0095642231993845055629415905567755225375
222950,OP,USDC,3000,0.0771611761017365232150607629828623875603
222953,WETH,USDC,500,0.0000000287077154504255196904839889505444
222955,WETH,USDC,500,0.0445188428203928567000572068554544511458
222981,THALES,WETH,3000,0.00170957771770642633
222984,LYRA,USDC,10000,0.00261691616372218831
222987,WETH,USDC,500,0.0000220771036765615831485693422580140446
222990,WETH,USDC,500,0
222991,OP,USDC,3000,0.0066832197665368053559540011857642149563
222996,THALES,USDC,10000,0.00270765059870752376
223028,WETH,USDC,500,0.0071001295463254560002206695073234497024
223039,WETH,USDC,500,0.0002811110116912604689902297581711075823
223042,sUSD,DAI,500,0.0002217286326732344043573020876481198674
223052,OP,USDC,3000,0.0035733518034256195745315077409110043705
223088,USDC,SNX,3000,0.0016895957894995201766495469230056686654
223098,WETH,USDC,500,0.01324816571624591061
223099,OP,USDC,500,0.0000813548312775789459124020506288750184
223126,WETH,USDC,500,0.0058744824347733952933843924422224900466
223127,WETH,USDC,500,0.0000127167623084450318097156958550871456
223138,WETH,USDC,500,2.5198181283094869602659083663181091297364
223143,wstETH,WETH,3000,0.1023502306702000282712392395253432229216
223157,OP,USDC,3000,0.0001150852992412659806281102226587155858
223159,WBTC,USDC,3000,0.0003803450370119300970650882891990651294
223166,WETH,USDC,500,0.000000621632865199883133085266418947321
223170,USDT,DAI,500,0.00631283254826169073
223171,sUSD,DAI,500,0.000765322720894036330473508912524219131
223174,WETH,USDC,500,3.4204176678387697463227225490657072396685
223178,WETH,USDC,500,0.0492415505698729304837527956756159130863
223218,WETH,USDC,500,0.0158592956037188962517749199181647465888
223226,WETH,OP,3000,0.0302087843414156887275540586091265521055
223235,WETH,USDC,500,0.0000085420302646574677728511831860839272
223237,WETH,USDC,500,1.571368233871053573544653825461038361696
223238,OP,USDC,3000,0.0006979338664916754871893649131438706909
223248,WETH,USDC,500,0.0000159470355061880229957083332385728218
223254,WETH,OP,3000,0.00034612472819606731
223260,WETH,USDC,500,0.0005014868813612384554003383852755907589
223343,WETH,OP,3000,0.138340909563028874070138489824850647968
223353,WETH,USDC,500,0.000620680698581420356022846070654152842
223393,WETH,OP,3000,0.00744182045099471787
223470,WETH,USDC,3000,0.0001957446525797257367976870035590538308
223471,WETH,USDC,500,0.0000856585921306198546567592071862676108
223484,WETH,USDC,500,0.0641732502940737943013493930580994820195
223534,WETH,WBTC,3000,0.03729237594475886787915540223314346648
223551,WETH,OP,3000,0.0261311215077553214409478294547904028351
223552,WETH,DAI,3000,0.0000233276029618003096807625088426882024
223626,WETH,USDC,500,0.0022164740418299212651278382300276844598
223628,WETH,OP,3000,0.0245348190051072578423401264430405039913
223653,WETH,USDC,500,0.309510174489624311816249311712168744234
223662,WETH,USDC,500,0.002732665951037130047241250917709994475
223663,OP,USDC,3000,0.3565660932135573211890931087372874379915
223687,WETH,USDC,500,0.1445029388157497036508697572312933933179
223690,VELO,WETH,10000,0.0008609765782316503119663734086422365765
223711,WETH,USDC,500,0.0190282215224347530699884424597025709535
223722,WETH,OP,3000,0.0177067034079648565104447202299124840281
223741,WETH,WBTC,3000,0.0594259888286976320560075010700237464544
223750,OP,USDC,3000,0
223801,WBTC,USDC,3000,0.01089452281938202854
223811,wstETH,WETH,3000,0.0010404288633141822320947844460274878954
223815,WETH,SNX,3000,0.000677255091023161427847461374704919044
223818,WETH,USDC,3000,0.0002577740009696314042497866692615061544
223863,OP,USDC,3000,0.000129899348699939173389074298763006705
223866,WETH,PERP,3000,0.5428645583155361488801978031000771176614
223874,OP,USDC,3000,0.0001218159275577130255955334360483568122
223886,WETH,OP,3000,0.0467912813559846461854345270088097549799
223896,WETH,USDC,500,0.0170310721548571672124449573145640861306
223908,WETH,USDC,500,0.000058828281476679699194486590206393709
223935,WETH,SNX,3000,0.0425175994030311608747498702374630086065
223942,WETH,USDC,500,0.459772417622486174347600392998175264902
223946,OP,USDC,3000,0.00019441799255017543
223947,WETH,USDC,3000,0.0002233047306515273999499530481173155941
223951,USDT,DAI,100,0.012294236045754076673469991025365465404
223959,SNX,DAI,3000,0.000232367340684063821600461290855954754
223972,sUSD,USDT,500,0.0013898451162256298193846065111825001072
223984,OP,USDC,3000,0.0215024328660104727671840061465299517646
224005,OP,L2DAO,10000,0.000000965117968247896223654538244292196
224007,OP,USDC,3000,0.177273955571094123156680308734279206778
224009,WETH,SNX,3000,0.0000868551400067155350864184348237620574
224021,OP,L2DAO,10000,0.000004717709014439202653499858171798147
224025,OP,L2DAO,10000,0.0000866999272059737205919708068198492525
224046,WETH,USDC,500,0.6811986010714700099223887267275080291636
224053,WETH,USDC,500,0.6586514426604742481555177075720475035276
224055,WETH,USDC,3000,0.0000161829823677065014153927920668139456
224057,WETH,L2DAO,10000,0.000003583427770701942115147555083486502
224060,OP,L2DAO,10000,0.0000133301245399393914214792716195308976
224097,WETH,WBTC,3000,0.0113228879589992986680587466956177511952
224099,WETH,OP,3000,0.0043506017748878283931219934156759484144
224110,LINK,WETH,3000,0.001877790435524994800625810475534279688
224111,WETH,USDC,500,0.0000671893850447197192961002352982376515
224122,OP,USDC,3000,0.001389650139980274316320562790341432552
224151,WETH,USDC,3000,0.0383063563645021855827430881257816653358
224218,WETH,OP,10000,0
224226,WETH,SNX,3000,0.0000869619204995137719501446508814724651
224237,WETH,OP,3000,0.0001506983639293212797213618397485387387
224251,WETH,OP,3000,0.00141765087094161975
224253,WETH,WBTC,3000,0.00222917769462736235
224259,WETH,OP,3000,0.00183088061758721003
224262,WETH,OP,3000,0.00128157668573897095
224265,WETH,SNX,3000,0.0182653164588662160604681519198980709788
224267,WETH,OP,3000,0.00193781401730277385
224268,WETH,OP,3000,0.00286121457221733845
224278,WETH,OP,3000,0.00404278106668694368
224285,WETH,L2DAO,10000,0.000064900498458819091090574328786662954
224292,WETH,OP,3000,0.00324346241333509392
224299,OP,USDC,3000,0.00453268879818323081
224323,WETH,USDC,500,0.032585132974781786881590739516151224574
224752,USDC,sUSD,500,0.00010916284792800091
224771,OP,USDC,3000,0.00529976794788788578
225037,WETH,OP,500,0.000010816330516717546120692013242633259
225699,WETH,USDC,500,1.071139325186519875116738060096037277063
225869,WETH,WBTC,3000,0.020579578174953584803393431546987073241
226228,WETH,USDC,500,0.01040938503349070925
226230,USDC,sUSD,100,0.0085767671329121894035148110170103231322
226263,WETH,OP,3000,0.048817693418144933966127487795974719201
226519,WBTC,USDC,3000,0.0074232133856605664880543195161800416168
226593,WETH,WBTC,3000,0.00805993353182587185
226915,WETH,USDC,500,0.0132170184717736955936364273602105105592
227193,OP,USDC,3000,0.060555892623135365742067930409849869104
227293,WETH,USDC,3000,0.003380273800182146817137376446960639222
227481,WETH,USDC,500,0.0042872235109056022643510499699153972912
227498,WBTC,USDC,3000,0.00049696322012416424
227523,WETH,USDC,500,0.0000118635922691653056753700525845922432
227552,WETH,USDC,500,0.00294946146381052148
227582,WETH,WBTC,3000,0.000301612325769481034994135380849683044
227789,OP,USDC,3000,0.0003484859245649156724462535954070534818
227859,WETH,USDC,500,0.00341440460012388026
228323,WETH,OP,3000,0.0003129826050120776184946793249619897576
228421,WETH,USDC,500,0.0027648492552805004801267089437661394185
228539,WETH,SNX,3000,0.0007850785669131338023356945843166313457
228619,WETH,OP,3000,0.000000011310775063855193313638585044731
228703,WETH,USDC,500,0.0004079545522416588355379812997731894338
229151,WETH,OP,10000,0.0006788320407134997078720106159920720456
229159,WETH,SNX,3000,0
229337,WETH,WBTC,3000,0.0002649704914263420926355414219465187898
229342,USDC,DAI,100,0.00000000001549323696
229574,WETH,USDC,500,0.0000001910815746818
230142,WETH,WBTC,3000,0.0208722868373849162054168312089204784725
230176,WETH,USDC,500,0.0445670630550297996126589397616283485954
230513,WETH,OP,3000,0.5882602133615777393754181763980237644188
230615,WETH,USDC,500,0.0451582508147499324790414179653681546352
230625,WETH,USDC,500,0.066807148344246006804210899912390868592
230690,WETH,USDC,500,0.0011307176728120935
230710,OP,USDC,3000,0.0006125721681693158358312497362055115302
230937,WETH,AAVE,10000,0.00181344974788980195
231015,WETH,USDT,500,0.00033476160173493219
231033,WETH,USDC,500,0.0142768954883876843340060175074490339977
231570,USDC,USDT,500,0.00091573113697887447
231661,wstETH,WETH,10000,0
231721,wstETH,WETH,10000,0
231783,USDC,DAI,100,0.000000000001425855302463888883886465208
231831,WETH,USDC,500,0.00152237525457474108
231850,WETH,USDC,500,0.0000045670471990351516378997171658000915
231870,WETH,WBTC,3000,0.004469712003519705090158826919315872394
231885,wstETH,WETH,10000,0
231958,WETH,OP,3000,0.0265906657724148400974356259850525453916
231961,WETH,SNX,3000,0.00084158345038537318
231995,USDC,DAI,100,0.000017540117983672957482278929999244604
232025,WETH,WBTC,3000,0.00387918275974640992
232037,WETH,WBTC,3000,0.0000883037737777925626662019099625730216
232063,OP,USDC,3000,0.0058918360796110213199305942967583089282
232232,WETH,USDC,500,0.00035436593980552418
232458,WETH,WBTC,3000,0.0019424093764434958126077578510804515746
232470,WETH,WBTC,3000,0.0001958869352797289035463680452250603616
232522,WETH,SNX,3000,0.0737466143229429730402598310751803680734
232611,USDC,SNX,3000,0.0431775824663835506287382764037625783142
232619,USDC,sUSD,100,0.0336947162466884220211568252473093371734
232722,WETH,USDC,3000,0.0122422206859301897064074557881622057724
232785,WETH,SNX,3000,0.219140882439136101473640147014220200064
232816,OP,USDC,3000,0.0267450342948322927292822713613723316654
232831,OP,USDC,3000,0.00000000930239340834823034977580016612
232877,WETH,SNX,3000,0.0004749743314868241030491410132307005773
232949,USDT,DAI,100,0.1396780728560539117353342679636474239387
233214,USDC,sUSD,500,0.000165038291652962121854531498162772393
233481,WETH,LDO,3000,0.000000954891061755530543218683895499867
233485,WETH,USDC,500,0.001180069860101241483051923349887918625
233489,WETH,USDC,500,0.4783964520637083049809554312216664688895
233550,WETH,OP,3000,0.1059745319642420027289872198117561590763
233755,WETH,USDC,3000,0.0005785832447598827144625428587670885924
233760,WETH,LYRA,10000,0.0000118931897185851009762606691512039792
233768,OP,L2DAO,10000,0.0070415627918687527193583874730272887684
233953,USDC,DAI,100,0.0000013708343110938
234056,WETH,USDC,500,0.76926085304077289848518977996930192862
234085,WETH,USDC,500,0.0006570649854116624034822500390019504023
234156,WETH,USDC,3000,0.0027552692047957280673606428835968181191
234166,OP,USDC,3000,0.00430877526280950668
234272,WETH,OP,3000,0.0000954846246678345071857434972424551534
234376,WETH,SNX,3000,0.0198766406534785020379106283438826820323
234396,USDC,DAI,3000,0.0393166365665821963290016630289855384412
234413,WETH,OP,3000,0.0715056497782932760176789263580741713846
234436,WETH,SNX,3000,0.002493199456379044360224312720919467727
234445,USDC,USDT,100,0.02791218427882222028
234515,USDC,USDT,100,0.0031435057634986580581991292908035438779
234565,USDC,sUSD,100,0.037029493465578366721054138932876493237
234570,OP,USDC,3000,0.0044611412387882629172419608407460756284
234605,WETH,USDC,500,0.0035374301319794037682043913890751242471
234635,USDC,sUSD,100,0.0164725993694658126573147707029719571509
234710,WETH,OP,3000,0.00814887177114978514
234740,OP,L2DAO,10000,0.0045833482539934633209373665887339215142
234748,WETH,SNX,3000,0.0006181776082305815904345943636093436872
234750,OP,USDC,3000,0.0000017252565094649287337949837403443918
234783,WETH,USDC,500,0.0065645663301410912324682004174968451281
234808,WETH,LYRA,3000,0.0005048378169646839802088689155184466244
234814,OP,USDC,3000,0.0011786101107897810503450454419179192596
234959,WETH,USDC,500,0.249640249932222782451837367673178520614
234963,WETH,USDC,500,0.0194604541363522449489063975242793184904
235075,WETH,AAVE,10000,0.60471094449294643644346062650000325536
235121,WETH,SNX,3000,0.0731962005811099712801465974223211626124
235228,WETH,OP,3000,0.00002094263785900211
235303,wstETH,WETH,3000,0.00001326194085584796765724081437984087
235363,WETH,OP,3000,0.00205182083307244275
235396,OP,USDC,3000,0.04713097673165816918430199884641247104
235417,OP,USDC,3000,0.2528366524693683745694439261348914296549
235502,OP,USDC,3000,0.0119137984015611471055236681062964081012
235521,WETH,SNX,3000,0.0043750054906688093294270104376698951184
235523,WETH,OP,3000,0.0484764852405452315038341150046107070672
235542,WETH,OP,3000,0.0000782285538333097740582838448355093308
235548,OP,USDC,3000,0.001958994092261756398150651627438103997
235737,WETH,USDC,500,0.000218976442779297117965501167087275152
235771,WETH,OP,3000,0.0149689712103299443249655316863280614012
235886,USDC,USDT,100,0.007082492621821066907972365521482345706
235912,WETH,SNX,3000,0.0000261502527497347752282209580369512516
235925,WETH,OP,3000,0.00191420655247266019
235962,WETH,USDC,500,0.0003266275653341845977925830153311973675
235964,WETH,OP,3000,0.0190622159872104352851949344978808483855
235978,WETH,OP,3000,0.0240607219625089070823556610378023384896
235979,WETH,USDC,500,0.0049749138133225226042780135684865972048
235993,WETH,OP,3000,0.0241215947120298863576317669455219744272
236026,WETH,WBTC,3000,0.0000022352783151491801287738112846450016
236047,OP,USDC,3000,0.00439262384554841617
236100,WETH,WBTC,3000,0.0020528050229044795
236121,WETH,OP,3000,0.00142423824055661979
236131,WETH,OP,3000,0.0308050927158089671547392646981154003663
236219,WETH,OP,3000,0.1175572129262100497826156450008681805207
236232,WETH,OP,3000,0.1146463274753354305780396071020639432986
236238,WETH,USDC,3000,0.0061724918752626687588660487633173785952
236308,WETH,USDC,500,0.0641378618869166346783971218131258714336
236354,OP,USDC,3000,0.0000041160143843874118133580207640512076
236543,WETH,USDC,500,0.0001145971259523391422529619165412896757
236582,WETH,USDC,500,0.0000490803356893016088276762944916272533
236591,WETH,USDC,500,0.000083033038656190220396952562044133293
236615,WETH,USDC,500,0.009842155041887741714477068023791065412
236640,WETH,SNX,3000,0
236729,OP,USDC,3000,0.01015807835483895097
236732,OP,USDC,3000,0.0025450134410379376204340164686276481882
236734,OP,USDC,3000,0.0025891923739179935306186357748699420026
236736,OP,USDC,3000,0.002574414428013477788859326193906617972
236737,OP,USDC,3000,0.004966098781888786511226436267548260696
236741,OP,USDC,3000,0.0026369138215996117607903970598344424469
236743,OP,USDC,3000,0.0022243283558128857420861416517351522204
236745,WETH,WBTC,3000,0.0000527984494396247981941167295222716912
236746,OP,USDC,3000,0.0022806183213430371586246685956980004032
236749,OP,USDC,3000,0.0064349746324825932159816433290943207216
236774,OP,USDC,3000,0.0147156529541211664284474409238898100259
236778,OP,USDC,3000,0.0120832188217626753865976337762401346438
236781,OP,USDC,3000,0.0122335484152886242312900245643413266312
236788,VELO,USDC,10000,0.1002936809667360370071578903693360818623
236791,OP,USDC,3000,0.00234883390102670636
236800,USDT,DAI,100,0.3433230017745896806059359010015663901783
236845,OP,USDC,3000,0.0240588174978357405685494411427101519784
236858,USDC,sUSD,100,0.0159541714115555401169036342550398059476
236876,WETH,DAI,3000,0.01210608002811584191565549604430006179
236892,SONNE,WETH,10000,0.0193224885363710287641261112577474352676
236988,WETH,OP,3000,0.1206284901935833339798672601438481910728
237125,USDC,USDT,500,0.00033551995693437627
237134,USDC,OPX,10000,0.0000795399160365320223049153905448086804
237181,USDC,OPX,10000,0.0000270480775846081148478111489979941888
237266,WETH,WBTC,3000,0.00313255182232925668
237389,WETH,USDC,500,0.2791308098386706338968114379028416792416
237390,WETH,USDC,500,0.084982191775787896739489039766069432144
237406,WETH,OP,10000,0.0106617937058955283273718647618376631076
237448,OP,USDC,3000,0.00093950206796253962
237518,USDC,sUSD,100,0.00090288609080575408
237524,USDC,sUSD,100,0.00089986891001561527
237542,USDC,OPX,10000,0.0015775687363665417031839421235636244
237561,USDC,OPX,10000,0.0027246656949338104158407753318034145788
237580,WETH,OP,3000,0.00265356077820316366
237607,WBTC,USDC,3000,0.0834759555449063197395578281927902727056
237679,OP,USDC,3000,0.0014520499721954561
237689,OP,USDC,3000,0.0009527744260772469686323147314703114486
237697,OP,USDC,3000,0.0555062837451056796506922879287529461708
237707,WETH,OP,3000,0.00154776682429823384
237718,WETH,KWENTA,10000,0.0044991848889560339916967744731924776951
237732,WETH,KWENTA,10000,0.0000030813666770113579831808014543974968
237755,OP,USDC,3000,0.00005936339886545707
237783,WETH,OP,10000,0
237784,USDC,DAI,3000,0.0038113037977015710162749333759941652631
237801,WETH,KWENTA,10000,0.0000494331823077030514774071740265308056
237836,OP,USDC,3000,0.2407654116239978753806417633834359745996
237846,WETH,USDC,500,0.0068272837673678540511041224229874448537
237896,USDC,sUSD,500,0.0002640493436832721862077184993441467188
237911,USDC,sUSD,100,0.00093503231742649874
237913,USDC,sUSD,100,0.00087860275417735711
237916,USDC,sUSD,100,0.00091563473334695127
237928,USDC,USDT,100,0.0000090212682806621664023107812174834592
237931,WETH,DAI,3000,0.0050849387177301050353480655320255404118
237943,WETH,SNX,3000,0.0045357258044448100138739717863367155386
237946,WETH,USDC,500,0.0827114865315406766764068520028518856706
237982,USDC,sUSD,500,0.0132513412072089643721597228680744074988
237985,OP,USDC,3000,0.00476595550325535223
237993,WETH,OP,3000,0.0088509703232273066902482132092035100525
237998,WETH,USDC,500,0.0000021594331747304579309288912947381
238007,USDC,OPX,10000,0.000996637363192211539015442572990507044
238050,OP,DAI,10000,0
238063,WETH,DAI,3000,0.000000117245544481807052392569720847976
238166,USDC,OPX,10000,0.0000126409442213680412190120860792589422
238230,WETH,SNX,3000,0.947209214700260628801271307981850185856
238269,WETH,OP,500,0.2233017048923897483029844783718426724052
238270,WETH,OP,3000,0.2305895291003282963955484662069370795917
238278,WETH,OP,3000,0.0247876748593511698631476628662191602496
238286,USDC,OPX,10000,0.6038680980003446358954512507827574818412
238287,USDC,OPX,10000,0.0012343340569449509611377396923905328952
238315,USDC,OPX,10000,0.0454329621897576283690557544780323240798
238329,USDC,sUSD,500,0.0073827542756272901457299014877491792783
238347,USDC,sUSD,100,0.0564992380965765014863700772143147002188
238353,USDC,OPX,10000,0.000001153422164497923517108408239771252
238358,WETH,KWENTA,10000,0.000010609777350999432344612190657927356
238387,OP,USDC,3000,0.00093833138273472365
238396,WETH,USDC,500,0.0013005730273997717
238402,USDC,OPX,10000,0.000686354034650108066302930918137921375
238411,WETH,OP,3000,0.0050303962878042531978896127821565957792
238442,WETH,USDC,500,0.011147932921488839619198962801761772556
238445,USDC,OPX,10000,0.0003673593283845997038168399248254187952
238459,USDC,OPX,10000,0.00268949156573590211
238494,USDC,OPX,10000,0.0242406313345788095675161219217276162032
238653,USDC,OPX,10000,0.0005295988867134053203914066141789004212
238698,WETH,USDC,500,0.0007110545088073147919760375987844339112
238713,WETH,WBTC,3000,0.00237084031436397976
238714,WETH,DAI,3000,0.035395290925150358320856165938866363456
238724,WETH,DAI,3000,0.0007931325631920534375508822180133804544
238754,WETH,USDC,500,0.0007342084308621625963200155352197773644
238786,WETH,OP,3000,0.466685696116713080682636741356436958762
238792,LINK,WETH,3000,0.4847131888412864845762058964288305414034
238836,USDC,DAI,100,0.00002226861291606904
238844,WETH,USDC,500,0.0014865578467489456637618160770053336797
238862,USDC,OPX,10000,0.000003257648133312556377846705296614972
238872,USDC,OPX,10000,0.000050834539166800930005507973702448337
238874,USDC,OPX,10000,0
238893,WETH,OPX,3000,0.0004681497739999321936580445194243216685
238909,USDC,OPX,10000,0.0005915549019203952052588538012088526562
238914,USDC,OPX,10000,0.000128677447781188898409833189160542427
238932,WETH,OPX,3000,0.0069913620032874458056820235424689208416
238954,USDC,OPX,10000,0.0085895850710257756430556613142447207051
238957,USDC,OPX,10000,0.0000205369085122847576569784868132347517
238994,WETH,USDC,500,0.6839274707144032764077933328096596873329
239010,FRAX,USDC,500,0.00002872706542668951
239023,WETH,OP,3000,0.0117840223342933714834674718597865926975
239064,WETH,USDC,500,0.014612083304230900519737881210297962947
239079,OP,USDC,3000,0.013798874147372182091419263071804379482
239097,OP,USDC,3000,0.00041038506692622148
239120,USDC,OPX,10000,0.0007217451456717328511656456499784110208
239250,WETH,WBTC,3000,0.0136427161630252910338021846078594249731
239255,USDC,OPX,10000,0.0000860704971815927896941001471057264248
239315,WETH,USDC,500,0.001184892512560304811183658626494914152
239341,USDC,OPX,10000,0.0209474527150189890803518811873538437356
239439,WETH,USDC,500,0.0001739611668473971074507861157897264185
239544,OP,USDC,3000,0.8669382873104322866808647293763055456414
239550,WETH,USDC,500,0.0537765922930170502795175891893270669977
239571,WETH,USDC,500,0.00187154902368255988
239651,OP,USDC,3000,0.000572810938740938602834589422103430523
239655,OP,USDC,3000,0.0005303440713967280992096108017491359312
239714,OP,USDC,3000,0.00060022100508763520719511656591345335
239721,USDC,OPX,10000,0.0035879632844033646799172026213723204864
239722,OP,USDC,3000,0.0220830647711387874124474998633357020627
239802,WETH,OPX,3000,0.0950193718487949369855775321005378079414
239884,WETH,LDO,3000,0.0012080966026131787254823013782784808075
239904,USDC,OPX,10000,0.415497299129434162585435939981500681061
240066,WETH,OPX,3000,0.0000774047038668193026976772168333731134
240074,WETH,SNX,3000,0.0226572313723456741915982850250451925216
240169,WETH,KWENTA,10000,0.0068514797054772724378112739117897264206
240349,WETH,OP,3000,0.0013088009838740692670855457621661567776
240351,OP,USDC,3000,0.0011050865899595101053945370683963811484
240353,WETH,USDC,500,0.0000094260748988257925400663258339676808
240397,WETH,USDC,500,0.00063984449873779829
240506,USDC,OPX,10000,0.0029431334940064689462586660588134916038
240530,OP,USDC,3000,0.0044701674525339602482990366672885349633
240544,OP,USDC,3000,0.0024436617500172046
240547,OP,USDC,3000,0.00231601528623631741
240549,OP,USDC,3000,0.0023460754652524669
240551,OP,USDC,3000,0.00237621373516539623
240553,OP,USDC,3000,0.00237691037763722073
240555,OP,USDC,3000,0.00238185800340804675
240556,OP,USDC,3000,0.00238065333389134379
240557,OP,USDC,3000,0.0023772645568898401
240560,OP,USDC,3000,0.00237863875849110193
240562,OP,USDC,3000,0.00237605296439688383
240658,OP,USDC,3000,0.0004846988431170234632365583939322822524
240668,WETH,USDC,500,0.0022133567984192905152001198947345641583
240725,OP,USDC,3000,0.0000000011519069792895177119763475930072
240729,WETH,OP,3000,0.0138816537272565257371616129604625232146
240730,OP,USDC,3000,0.00004135817916215815438174579332847491
240751,WETH,USDC,500,0.000238841554602792633887942170926695518
240811,OP,USDC,3000,0.00290027319820640082023827222752427229
240824,WETH,OP,10000,0.00199386084081322755
240829,OP,USDC,3000,0.000542508972493471687880355715346573831
240910,WETH,USDC,500,0.0480859306082660620213827542097171225754
240951,OP,USDC,3000,0.0000003571485651452925991757476324381992
240975,OP,USDC,3000,0.00104475933812095166
240985,WETH,USDC,500,0.0442846972831228754338337548917154483966
240989,OP,USDC,3000,0.001869441582255255207482742226198980932
240993,OP,USDC,3000,0.0065988330062794480853774203211979334218
241078,WETH,USDC,500,0.0000637510882612156906908181219924460405
241113,WETH,USDT,500,0.0158187868295420732370811019531634336768
241114,OP,USDC,3000,0.00383597112227890449
241139,WETH,USDC,3000,0
241204,WETH,WBTC,3000,0.0004148617594373312341234257773131023722
241207,WETH,USDC,500,0.0005495315729932743009577001144765964393
241225,WETH,USDC,3000,0.00266966647084043593
241262,WETH,USDC,500,0.0000079057542947069296559840998982957123
241278,WETH,USDC,500,0.0000008223258506286019588154704392015248
241299,WETH,USDC,500,0.003002245598725954612327409730708829677
241325,WETH,USDC,500,0.0005435801118868992
241338,USDC,DAI,100,0.00002495521384922127
241350,OP,USDC,3000,0.0175881896684870584119487880764393857899
241364,WETH,USDC,500,0.0000238683459148725394084269092728212582
241373,WETH,KWENTA,10000,0.0001405113478338542610916484147464630614
241392,WETH,OP,3000,0.00337294074420241277
241409,WETH,USDC,500,0.0186105801877140205043494788260348775025
241457,USDC,USDT,100,0.0371581396516433484392322071843342262018
241490,OP,USDC,3000,0.0245362374273098277514833821238287415658
241499,WETH,USDC,500,0.0010926904795603251675071450935794250945
241543,WETH,USDC,500,0.0888742819941895657887444693401922684804
241638,WETH,USDC,500,0.0001954058785272855910664945762509179525
241646,WETH,OP,3000,0.00004732174899818042
241656,WETH,USDC,500,0.003763500474805847945933310542280397614
241677,WETH,USDC,500,0.02505950259338338307142215000039731058
241716,WETH,USDC,500,0.0034199184937758564647278447148990783682
241767,WETH,USDC,500,0.0037319601920593144478711527232189150982
241805,WETH,WBTC,3000,0.0170061146709177729960728005205209096448
241854,WETH,USDC,500,0.00254859322952141727
241871,WETH,USDC,500,0.0000001365768053547402308811389091113688
241894,USDC,USDT,100,0.0000000199483481482681500387021510900182
241953,OP,USDC,3000,0.00114044210389464294
241987,OP,USDC,3000,0.00621904723209833461
241997,USDC,DAI,100,0.00012126320406464225
242022,CRV,WETH,3000,0.0021062168905780084030887898658342742604
242025,WETH,USDC,500,0.000650919849648967948007696082034480216
242051,OP,USDC,3000,0.0004488348987140838410841559779846039963
242060,OP,USDC,3000,0.0181988734026972260661421812666790839398
242080,WETH,OPX,3000,0.0006710202603876345431183874381629484252
242113,WETH,USDC,500,0.0156548131605291687543070243249977757038
242133,WETH,USDC,500,0.0062129487304329631878969491455571913009
242137,USD+,USDC,100,0.00327344089288957610234865386616787306
242215,WETH,USDC,100,0.048724532095654602911657820749460082324
242218,WETH,WBTC,500,0.000735370950083055880597784488217464305
242292,WETH,KWENTA,10000,0.01136618945755856414676611401691683653
242295,WETH,USDC,500,0.002421144018795866220029654868013713867
242317,WETH,USDC,500,0.0042571222999740427391845369203935298985
242403,OP,USDC,3000,0.0029318267218945302960972945612211648632
242767,WETH,OP,3000,0.0009766809756482942506350419365273918632
243002,OP,DAI,10000,0.0070793180486267567563841427923701509
243057,WETH,USDC,500,0.000068279029081249217787390110107987725
243099,WETH,USDC,500,0.002594566506576990639192567285974434974
243583,WETH,SNX,3000,0.0145605363896561935062668740282029373832
243653,WETH,OP,3000,0.0246767969340674070271289393799373932778
243735,WETH,USDC,500,0.0002442192375655145680372008531611248108
244232,OP,USDC,3000,0.0000004021195592953717924277654085202192
244265,WETH,USDC,500,0.106469978455947510210183089486678783856
244484,WETH,USDC,500,0.0052701239520877656340225863688970985405
244741,WETH,USDC,500,0.009496294021617299647884274751928129007
244991,WETH,OP,3000,0.0069052800584292512054481586775880866679
245178,WETH,KWENTA,10000,0.0261229255455318174729207963607366995104
245212,WETH,USDC,500,0.0640615902874961914090415272598295152441
246415,WETH,WBTC,500,0.0042109658825508015993064553856595499852
246523,WETH,OP,3000,0.0001275869469425115955276539357023949567
246557,WETH,USDC,500,0.00037613159352237799080029532429395562
247027,WETH,WBTC,500,0.0378386872814580516425585384954027480964
247555,WETH,HOP,10000,0.0025630593470517308984644149614125465892
247574,WETH,USDC,500,0.0783887669155689905145535636789907046634
248343,USDC,USDT,100,0.0000016617347009311878386299931820796836
248663,WETH,USDC,500,0.0000630989120778226443334734816786048741
248832,WETH,USDC,500,0.0023043982423315211035120380420189377055
249104,WETH,DAI,3000,0.002261490445431940530775816800083713196
249112,WETH,USDC,500,0.002575898882610423950430404026731640123
249172,WETH,OP,500,0.0036463349374104328256665733818481980416
249318,WETH,UNI,10000,0
249365,USDC,sUSD,100,0.0000544604810766094923836038738706047193
249571,WETH,USDC,500,0.0015327818078860076234202416592593359942
249658,WETH,WBTC,3000,0.0000898288311262385363313044695652479051
250273,WETH,USDC,500,0.0121479476686728155721074980483645983516
250278,WETH,LYRA,10000,0.0005942633854700645273953686243704232672
250381,WETH,USDC,500,0.001168771171337037198143283905897352657
250494,WETH,USDT,500,0.0000650902168164906329942226206556686293
250531,WETH,LDO,3000,0.0000226552951643707995845226319346122713
250580,WETH,USDC,500,0.006854183067033803245184304773958276021
250650,WETH,OP,3000,0.000012498070163552171818043051155039242
251025,WETH,USDC,500,0.0000217545712518723903614435515619716291
251267,WETH,USDC,500,0.0203800314370102569369299939904082747595
251473,WETH,USDC,500,0.0629979965556228545056899654205793562277
251724,FRAX,USDC,500,0.00001422035505610898188440188082484979
251844,WETH,SNX,3000,0.000270380610480241807254802821947551304
251971,WETH,DAI,3000,0.000000741363196415858133317860060253952
252245,WETH,OP,500,0.000420279376412516506038590320935798794
252253,SONNE,WETH,10000,0
252421,WETH,OP,3000,0.0003622518923003854143429926823582717096
252466,WETH,WBTC,3000,0.0000372959287390309667360022865785011808
252852,WETH,BAL,3000,0.0000000653801363956359383286376440399648
253056,WETH,OP,500,0.0000009726632666689448177542562306699634